{"assets/images/fervour-lighting-sound-2559.png":["assets/images/fervour-lighting-sound-2559.png"],"assets/images/iconAppSafedoc.png":["assets/images/iconAppSafedoc.png"],"assets/pdfs/101.pdf":["assets/pdfs/101.pdf"],"assets/pdfs/131.pdf":["assets/pdfs/131.pdf"],"assets/pdfs/132.pdf":["assets/pdfs/132.pdf"],"assets/pdfs/133.pdf":["assets/pdfs/133.pdf"],"assets/pdfs/134.pdf":["assets/pdfs/134.pdf"],"assets/pdfs/141.pdf":["assets/pdfs/141.pdf"],"assets/pdfs/142.pdf":["assets/pdfs/142.pdf"],"assets/pdfs/143.pdf":["assets/pdfs/143.pdf"],"assets/pdfs/161.pdf":["assets/pdfs/161.pdf"],"assets/pdfs/1610.pdf":["assets/pdfs/1610.pdf"],"assets/pdfs/1611.pdf":["assets/pdfs/1611.pdf"],"assets/pdfs/1612.pdf":["assets/pdfs/1612.pdf"],"assets/pdfs/1613.pdf":["assets/pdfs/1613.pdf"],"assets/pdfs/1614.pdf":["assets/pdfs/1614.pdf"],"assets/pdfs/1615.pdf":["assets/pdfs/1615.pdf"],"assets/pdfs/1616.pdf":["assets/pdfs/1616.pdf"],"assets/pdfs/1617.pdf":["assets/pdfs/1617.pdf"],"assets/pdfs/1618.pdf":["assets/pdfs/1618.pdf"],"assets/pdfs/1619.pdf":["assets/pdfs/1619.pdf"],"assets/pdfs/162.pdf":["assets/pdfs/162.pdf"],"assets/pdfs/1620.pdf":["assets/pdfs/1620.pdf"],"assets/pdfs/1621.pdf":["assets/pdfs/1621.pdf"],"assets/pdfs/1622.pdf":["assets/pdfs/1622.pdf"],"assets/pdfs/163.pdf":["assets/pdfs/163.pdf"],"assets/pdfs/164.pdf":["assets/pdfs/164.pdf"],"assets/pdfs/165.pdf":["assets/pdfs/165.pdf"],"assets/pdfs/166.pdf":["assets/pdfs/166.pdf"],"assets/pdfs/167.pdf":["assets/pdfs/167.pdf"],"assets/pdfs/168.pdf":["assets/pdfs/168.pdf"],"assets/pdfs/169.pdf":["assets/pdfs/169.pdf"],"assets/pdfs/21.pdf":["assets/pdfs/21.pdf"],"assets/pdfs/31.pdf":["assets/pdfs/31.pdf"],"assets/pdfs/32.pdf":["assets/pdfs/32.pdf"],"assets/pdfs/33.pdf":["assets/pdfs/33.pdf"],"assets/pdfs/34.pdf":["assets/pdfs/34.pdf"],"assets/pdfs/35.pdf":["assets/pdfs/35.pdf"],"assets/pdfs/36.pdf":["assets/pdfs/36.pdf"],"assets/pdfs/41.pdf":["assets/pdfs/41.pdf"],"assets/pdfs/51.pdf":["assets/pdfs/51.pdf"],"assets/pdfs/61.pdf":["assets/pdfs/61.pdf"],"assets/pdfs/71.pdf":["assets/pdfs/71.pdf"],"assets/pdfs/72.pdf":["assets/pdfs/72.pdf"],"assets/pdfs/81.pdf":["assets/pdfs/81.pdf"],"assets/pdfs/82.pdf":["assets/pdfs/82.pdf"],"assets/pdfs/91.pdf":["assets/pdfs/91.pdf"],"assets/pdfs/test.pdf":["assets/pdfs/test.pdf"],"packages/cupertino_icons/assets/CupertinoIcons.ttf":["packages/cupertino_icons/assets/CupertinoIcons.ttf"]}